first,last
Rory,McIlroy
Dustin,Johnson
Jon,Rahm
Sergio,Garcia
Kyle,Stanley
Justin,Thomas
Hideki,Matsuyama
Kevin,Kisner
Jordan,Spieth
Lucas,Glover
Rickie,Fowler
Shane,Lowry
Tony,Finau
Justin,Rose
Brendan,Steele
Francesco,Molinari
Bill,Haas
Paul,Casey
Tyrrell,Hatton
Webb,Simpson
Luke,List
Louis,Oosthuizen
Gary,Woodland
Henrik,Norlander
J.B.,Holmes
Martin,Kaymer
Ryan,Palmer
Emiliano,Grillo
Martin,Laird
Stewart,Cink
Byeong Hun,An
Charley,Hoffman
Adam,Hadwin
Jhonattan,Vegas
Billy,Horschel
Mark,Wilson
Jim,Herman
Chris,Stroud
Russell,Henley
Rory,Sabbatini
Charles,Howell III
Keegan,Bradley
Adam,Scott
Thomas,Pieters
Ollie,Schniederjans
Phil,Mickelson
Anirban,Lahiri
Jamie,Lovemark
Jason,Day
Wesley,Bryan
Kevin,Na
Pat,Perez
Chad,Campbell
Cameron,Smith
Nick,Watney
Marc,Leishman
Matt,Kuchar
Bryson,DeChambeau
D.A.,Points
Jason,Dufner
John,Peterson
Greg,Owen
Scott,Piercy
Sung,Kang
Ryan,Moore
Roberto,Castro
Hideto,Tanihara
Bud,Cauley
Chez,Reavie
Brandon,Hagy
Kevin,Streelman
Brandt,Snedeker
Charl,Schwartzel
Graham,DeLaet
Harold,Varner III
Rod,Pampling
Tim,Wilkinson
Hudson,Swafford
Brad,Fritsch
Sean,O'Hair
Boo,Weekley
Graeme,McDowell
William,McGirt
Brian,Stuard
John,Huh
Ian,Poulter
Dominic,Bozzelli
Cameron,Percy
J.T.,Poston
Bubba,Watson
Shawn,Stefani
Steven,Alker
Jimmy,Walker
Jason,Kokrak
Zac,Blair
Xander,Schauffele
Daniel,Berger
Robert,Garrigus
Matt,Jones
David,Hearn
J.J.,Spaun
Kyle,Reifers
Michael,Kim
Camilo,Villegas
Danny,Lee
Seamus,Power
Brian,Harman
James,Hahn
Ryan,Brehm
Zach,Johnson
Robert,Streb
Nick,Taylor
Kevin,Chappell
Ryan,Armour
Rafa,Cabrera Bello
Whee,Kim
K.J.,Choi
Trey,Mullinax
Vaughn,Taylor
Kelly,Kraft
Tyrone,Van Aswegen
Richy,Werenski
Ryan,Blaum
Aaron,Wise
Chris,Kirk
Tag,Ridings
Troy,Merritt
Scott,Stallings
John,Senden
Harris,English
Patrick,Reed
Daniel,Summerhays
Jim,Furyk
Jon,Curran
Luke,Donald
Blayne,Barber
Billy,Hurley III
Branden,Grace
Martin,Flores
Zack,Sucher
Vijay,Singh
Grayson,Murray
Seung-Yul,Noh
J.J.,Henry
Cameron,Tringale
Kevin,Tway
C.T.,Pan
Alex,Cejka
Fabian,Gomez
Soren,Kjeldsen
Geoff,Ogilvy
Johnson,Wagner
Retief,Goosen
Sam,Saunders
Ben,Crane
Patrick,Rodgers
Russell,Knox
Jonas,Blixt
Ben,Martin
Mackenzie,Hughes
Andres,Gonzales
Aaron,Baddeley
Jason,Bohn
Ken,Duke
Brian,Campbell
Brooks,Koepka
Steve,Wheatcroft
Brian,Gay
Morgan,Hoffmann
Tyler,Aldridge
Matthew,Fitzpatrick
Greg,Chalmers
Ryo,Ishikawa
Jonathan,Randolph
Mark,Anderson
David,Lingmerth
Andrew,Johnston
Peter,Malnati
Cody,Gribble
Will,MacKenzie
Miguel Angel,Carballo
Michael,Thompson
Scott,Brown
Sebastian,Munoz
Derek,Fathauer
Ernie,Els
Brett,Stegmaier
Brett,Drewitt
Chad,Collins
Patton,Kizzire
Smylie,Kaufman
Julian,Etulain
Steve,Marino
Bobby,Wyatt
Hiroshi,Iwata
Bob,Estes
Gonzalo,Fdez-Castano
Mark,Hubbard
Ricky,Barnes
Carl,Pettersson
Alex,Noren
Bryce,Molder
Spencer,Levin
Rick,Lamb
Hunter,Mahan
Jeunghun,Wang
Nicholas,Lindheim
Andrew,Loupe
Max,Homa
SiWoo,Kim
Steven,Bowditch
Matt,Every